date,kyosi,title,descr,prepa,suhang
26.10.12,7,디벗 준비,,충전된 디벗,
26.10.12,1,음악실,음악실,,
26.10.12,,수학 점수확인,서답형 및 점수 확인,마음의 준비,
26.10.13,1,수학 보고서 작성,보고서 작성 1차시 (1/2),디벗,Y
26.10.14,,성적 이의신청기간,,,
26.10.13,,성적 이의신청기간,,,
26.10.13,5,통사 수행평가,수행 1차시 (1/2),,Y
26.10.14,2,통사 수행평가,수행 마감 (/2),,Y
26.10.14,4,1-1 반대항전,축구,,
26.10.14,3,수학 보고서 작성,보고서 작성 마감 (/2),,Y
26.10.14,,동아리,,,
26.10.14,,2학년 선택과목 최종선택,~23:55 마감,,
26.10.16,2,영어 Final Draft,기존에 작성했던 초고를 기반으로 최종 기사 작성,영어 초고 고안,Y
26.10.19,,동아리종합발표회,전시마당,,
26.10.20,,전국연합학력평가 (10모),10모,,
26.10.21,,동아리,,,
26.10.22,,동아리종합발표회,체험마당 / 공연,,
26.10.23,,3기 방과후 막날,,,
26.10.24,,과기대 방문,"14:00까지 16번, 17번, 27번 과기대 다빈치관 401",,
26.10.26,,소규모 테마여행 (부산),금요일 수업 적용,,
26.10.28,,수학여행,"7:00 KTX 서울역 3층\n1반과 9반과 동행 예정",알아서 챙기기,
26.10.29,,수학여행,부산,,
26.10.30,,수학여행,17:28 서울역 도착 후 해산,,
